10,4.974156179988117,0.02958956657517484,0.011535798529255391,0.010598492765154123,0.01222657529340064,0.02923065223724566,1e-05,0.010912084272076966,0.008120211011321776,5.379517525550456,0.008466187243895912,True,mse,adam,1e-05,0.1,100.0,100.0,256,lstm,0.001,22,10,100.0,12,8,4,10
10,5.661895602272376,0.029312574784853496,0.013950631619609622,0.010241986566143169,0.012100043775717495,0.03372012365799211,1e-05,0.010945905494736508,0.00799440674400134,5.343008175492287,0.009537938835271449,True,mse,adam,1e-05,0.1,100.0,100.0,256,gru,0.001,22,10,100.0,8,32,3,10
10,6.493393162731886,0.029804900367852983,0.015004081872008565,0.008745113812738728,0.01198530508588514,0.03394171808443566,1e-05,0.011937391469735246,0.007976798680122372,6.266386773335794,0.008011333031990723,False,mse,adam,1e-05,0.1,100.0,100.0,128,lstm,0.001,22,10,100.0,4,8,2,100.0
10,5.959819626236826,0.030071459887485864,0.013107597765669894,0.009197514653931768,0.012121818236760245,0.03128016058551405,1e-05,0.011305192619986136,0.007902717610905776,6.2840521094400135,0.007307720332539565,False,mse,adam,1e-05,0.1,100.0,100.0,128,lstm,0.001,22,10,100.0,6,8,2,100.0
10,7.047926136454976,0.0336178094294155,0.016267768532803383,0.01033418858787627,0.012645775954297278,0.03668165119728379,1e-05,0.013626739892060868,0.008304932295861099,7.0400541462004185,0.008899218605876303,False,mse,adam,1e-05,0.1,100.0,100.0,64,lstm,0.001,22,10,100.0,12,32,3,100.0
10,3.354604466308378,0.03037179203510125,0.009701556672509142,0.010728569824976941,0.012705131067445046,0.02229336048830017,1e-05,0.011889758568976422,0.008276503043210445,4.487638282520762,0.0072347724608664695,True,mse,adam,1e-05,0,10,100.0,64,lstm,0.001,22,10,100.0,8,8,4,10
10,6.859583319674708,0.034065272462612484,0.018658218314305804,0.01196373070069967,0.012511785704191425,0.0400806551936705,1e-05,0.011857155566758593,0.008469474454054896,5.985395289957523,0.013839621098357412,False,mse,adam,1e-05,0.2,100.0,100.0,128,gru,0.001,22,10,100.0,6,16,4,10
10,6.049854930818389,0.029567566671175882,0.015918552742817397,0.009088119793887017,0.011955358906561742,0.03556313233639859,1e-05,0.011147597964736633,0.008019597852877655,5.359016288071871,0.009972663339314297,True,mse,adam,1e-05,0.1,100.0,100.0,512,gru,0.001,22,10,100.0,4,32,2,10
10,7.114027514152988,0.033580073722987436,0.01965045820381203,0.013527801373129478,0.012314903069636784,0.041359916940614555,1e-05,0.01296943389752414,0.008437492391689711,6.026032339781523,0.014570865529590964,False,mse,adam,1e-05,0.2,100.0,100.0,128,gru,0.001,22,10,100.0,8,32,3,10
10,3.048511548003179,0.023733659809295204,0.006905345101857884,0.009115157556152553,0.011655157037239405,0.018067803897167875,1e-05,0.009885530408610066,0.00729816674393769,4.412468669004738,0.0047821498277343995,True,mse,adam,1e-05,0,10,100.0,256,gru,0.001,22,10,100.0,10,16,4,100.0
10,5.971601337348859,0.03289041926473146,0.015518578356501866,0.009290305733884452,0.0125735112305847,0.03519016103127357,1e-05,0.012274230517505202,0.008414029944382466,5.62776455655694,0.00813142015475664,True,mse,adam,1e-05,0.1,10,100.0,128,lstm,0.001,22,10,100.0,8,32,3,100.0
10,5.233801130417715,0.030876364451579402,0.01320894095347591,0.009031268824974495,0.012340543585546778,0.03103062735137808,1e-05,0.010955477634613341,0.008151048204747177,5.221778581578444,0.007245020983751344,True,mse,adam,1e-05,0.1,10,100.0,256,lstm,0.001,22,10,100.0,6,8,2,100.0
10,3.945439725303588,0.02950690088454808,0.010078748509231336,0.009179968603468565,0.012294234870570613,0.022298360031544687,1e-05,0.012232390970964681,0.00833861806890306,5.275006107087266,0.006243426857028228,True,mse,adam,1e-05,0,10,100.0,512,gru,0.001,22,10,100.0,4,8,4,100.0
10,6.394855702170436,0.031233091407557367,0.01784429286802847,0.00935441016031291,0.01220619907053333,0.036980237864080126,1e-05,0.01214048320252914,0.00813271085404355,5.655183484777808,0.009913154978379293,False,mse,adam,1e-05,0.2,100.0,100.0,256,lstm,0.001,22,10,100.0,4,16,2,10
10,5.4735031455291985,0.029679092272999696,0.01300012242197363,0.010896475606841705,0.011858517181281059,0.03274564947313685,1e-05,0.01037640464528522,0.00798412193890037,5.306739026680589,0.010051376298303187,True,mse,adam,1e-05,0.1,100.0,100.0,128,gru,0.001,22,10,100.0,10,16,3,10
10,5.359985565480379,0.030858941510814475,0.013165829129328482,0.009622824005418806,0.012699747265287442,0.031863289346776916,1e-05,0.011126021676318487,0.008414882419402478,5.316444676369429,0.00772924868496829,False,mse,adam,1e-05,0.1,10,100.0,256,lstm,0.001,22,10,100.0,8,16,4,100.0
10,5.261132909226294,0.03262550620638649,0.015507555410904497,0.010127124711743818,0.012320298725171597,0.03531294700425015,1e-05,0.0115170594740448,0.008423387389754738,4.668181675486267,0.009484880395197038,False,mse,adam,1e-05,0.2,10,100.0,512,lstm,0.001,22,10,100.0,6,16,4,10
10,6.347521613504808,0.03159901050457847,0.01653299472714567,0.009313966897479986,0.012139709755501826,0.03754556617644875,1e-05,0.011246138064961997,0.008323202742865254,5.618873432278633,0.010686711733768709,True,mse,adam,1e-05,0.2,100.0,100.0,256,gru,0.001,22,10,100.0,6,16,3,10
10,7.169829543802199,0.03218050491705071,0.01763258436944059,0.00879207843831864,0.012293430988393084,0.0372060423291454,1e-05,0.01159006479429081,0.008251028175229312,6.526452170684934,0.008608640644336215,False,mse,adam,1e-05,0.2,100.0,100.0,512,gru,0.001,22,10,100.0,4,16,3,100.0
10,7.20341324620914,0.03315369598203688,0.020937273544436304,0.012226355547682033,0.012255996765816235,0.04122592575063154,1e-05,0.01268294939200132,0.008466150037604923,5.947536004707217,0.0140478313774464,True,mse,adam,1e-05,0.2,100.0,100.0,128,gru,0.001,22,10,100.0,4,16,3,10
10,3.913779925805917,0.027034801130222903,0.00980304411394876,0.009014461136651579,0.011485076971453567,0.02267385736681458,1e-05,0.011234518613689851,0.0075438939181614074,4.855781208448373,0.005906508458337281,False,mse,adam,1e-05,0,10,100.0,256,lstm,0.001,22,10,100.0,4,8,2,100.0
10,8.406418575112273,0.034925836967886426,0.022568871282420678,0.011027676266166964,0.012819830677472055,0.042203218116391196,1e-05,0.014167487184749916,0.008586791724397677,7.3031309098005295,0.010705304769590009,False,mse,adam,1e-05,0.2,100.0,100.0,64,lstm,0.001,22,10,100.0,10,32,4,100.0
10,4.059409243571017,0.02753182499649561,0.008329940445329378,0.008662685301768183,0.011539453039591741,0.01978072615602035,1e-05,0.01085327027564819,0.007009244236347366,5.89533335898173,0.005474181621439019,False,mse,adam,1e-05,0,100.0,100.0,256,lstm,0.001,22,10,100.0,8,8,3,100.0
10,5.166395694030278,0.030619856566716175,0.012239348652806988,0.009697132777811774,0.012547325799042351,0.031243434916011142,1e-05,0.011175931473706527,0.008342717615096341,5.281142043464379,0.0073469016682673775,True,mse,adam,1e-05,0.2,10,100.0,512,lstm,0.001,22,10,100.0,12,8,3,100.0
10,6.601574641229369,0.033171421600854956,0.022290470802413368,0.010523975245632755,0.012524433212092845,0.04149369982558597,1e-05,0.01494587492197752,0.008575809081221748,5.045886963605881,0.012770413142622533,True,mse,adam,1e-05,0.2,10,100.0,128,lstm,0.001,22,10,100.0,4,32,2,10
10,7.653958193481689,0.03286609456881706,0.019570560613767742,0.008807126177998725,0.012418538104611798,0.03888489926814557,1e-05,0.01350733608705923,0.008393298483707835,6.774115536361933,0.009680946251236318,False,mse,adam,1e-05,0.1,100.0,100.0,64,gru,0.001,22,10,100.0,4,16,4,100.0
10,5.556664700129283,0.02923371321230661,0.013900427274415606,0.009321443114458816,0.011496625909785507,0.03353326411239018,1e-05,0.010731685491919052,0.008015840397970767,5.064746540039778,0.007331371535579247,False,mse,adam,1e-05,0.1,10,100.0,512,gru,0.001,22,10,100.0,6,32,2,100.0
10,6.531617723135133,0.031165738071401963,0.014184575238929006,0.009624938431521153,0.012246654373013817,0.034846204290457435,1e-05,0.010956408104457048,0.008210270193189106,6.420772326595588,0.008075127362814355,False,mse,adam,1e-05,0.1,100.0,100.0,64,gru,0.001,22,10,100.0,10,8,4,100.0
10,5.764724053661235,0.03132755769183859,0.014802812403614836,0.009809860470340936,0.012598550325492397,0.03363288455966069,1e-05,0.010953841523587471,0.008274050854107876,5.588438797742128,0.009374926698720646,True,mse,adam,1e-05,0.1,100.0,100.0,512,lstm,0.001,22,10,100.0,6,32,4,10
10,4.30134979784746,0.026799089602803527,0.008652963617068162,0.009774318987792194,0.011404607033697663,0.021407107172812544,1e-05,0.01090190065721166,0.007102770005971666,5.891536405578198,0.005850657182938467,True,mse,adam,1e-05,0,100.0,100.0,64,gru,0.001,22,10,100.0,8,8,3,100.0
10,5.621189835158037,0.03213045056327246,0.01362048976271315,0.00958176711537817,0.012022719627566403,0.03368797618574069,1e-05,0.012175688476418145,0.007964256886692013,5.750987693667412,0.009391755221527399,False,mse,adam,1e-05,0.1,100.0,100.0,128,lstm,0.001,22,10,100.0,12,32,2,10
10,4.641690885052986,0.03137016171240248,0.012738199898529161,0.010066063552585547,0.012546115260192892,0.03201964524267354,1e-05,0.01135832285581273,0.00824079258264475,4.509718483313918,0.008349845416997502,False,mse,adam,1e-05,0.1,10,100.0,512,lstm,0.001,22,10,100.0,10,32,3,10
10,5.966642730903131,0.029042884165392024,0.012461768213332999,0.008830172249417956,0.011793962020419713,0.03220907848333177,1e-05,0.010973642469252809,0.0078724148878884,6.09592764172703,0.00710094418395383,False,mse,adam,1e-05,0.1,100.0,100.0,128,gru,0.001,22,10,100.0,12,16,3,100.0
10,5.223522778516812,0.030615578238212038,0.012416797637565879,0.010068762607943427,0.012213834680551372,0.030887506370608,1e-05,0.010932137673080433,0.008080362337824385,5.479196301661432,0.008505614008000506,True,mse,adam,1e-05,0.1,100.0,100.0,256,lstm,0.001,22,10,100.0,10,16,3,10
10,6.82501447571374,0.030060761278946302,0.01568911614735725,0.009226504419757475,0.011667102958199393,0.03580809514189464,1e-05,0.012771628498740029,0.00809026058177771,6.433083227835596,0.0084439837687451,False,mse,adam,1e-05,0.1,100.0,100.0,64,gru,0.001,22,10,100.0,10,16,2,100.0
10,4.046623029857102,0.027112745112390257,0.010402584111475625,0.009261916631658096,0.012027327164105373,0.023138770699301585,1e-05,0.01154120994033292,0.0077785497610915666,4.923225544393063,0.0061470203342709195,False,mse,adam,1e-05,0,10,100.0,512,lstm,0.001,22,10,100.0,4,32,3,100.0
10,4.537899822820242,0.027604592936768313,0.009840504772597618,0.009219010292781604,0.010662920828508504,0.02256163932115245,1e-05,0.012225820575622492,0.007006487280125561,5.972422337159514,0.005970366803467972,False,mse,adam,1e-05,0,100.0,100.0,256,gru,0.001,22,10,100.0,4,16,2,100.0
10,4.468169511522654,0.030350043825671105,0.009119499152020486,0.009365829234032988,0.01259906388998597,0.022130413977933937,1e-05,0.012633591592955087,0.007592320602522103,6.511791896263449,0.005839461402121777,False,mse,adam,1e-05,0,100.0,100.0,64,lstm,0.001,22,10,100.0,10,8,4,100.0
10,6.766769146878072,0.032170069505809806,0.018910748036401363,0.00936887242096418,0.012606603933818405,0.03865334083726678,1e-05,0.01286534048995236,0.008456620658765545,5.56719932705164,0.009099359198236944,False,mse,adam,1e-05,0.2,10,100.0,512,lstm,0.001,22,10,100.0,4,32,4,100.0
10,5.910272389495929,0.031562049145577475,0.015327457147159827,0.009790474665351212,0.012467048087273724,0.034832867895074456,1e-05,0.01195978221585392,0.00836716561468836,5.462281730026007,0.008102850952919167,False,mse,adam,1e-05,0.1,10,100.0,128,lstm,0.001,22,10,100.0,8,32,3,100.0
10,3.8056421856522973,0.026509478522903116,0.00773967309761908,0.008372488873285977,0.010636930102989774,0.01874230559793347,1e-05,0.010576911703099094,0.006474229367912324,5.661330538501072,0.005100213787494754,False,mse,adam,1e-05,0,100.0,100.0,256,gru,0.001,22,10,100.0,6,8,2,100.0
10,5.0116610616599955,0.027334112843163894,0.011185703281291466,0.009020186417501463,0.011380520020793483,0.025114226996832703,1e-05,0.011712292611264274,0.007442240201343746,6.005700869485736,0.006374440188005439,True,mse,adam,1e-05,0,100.0,100.0,128,lstm,0.001,22,10,100.0,4,16,2,100.0
10,3.5020268146649953,0.02562995659354783,0.008701861770670791,0.008582723800145686,0.011533605297699978,0.020128509206279135,1e-05,0.010787495086333365,0.007419540454747737,4.648871733341366,0.005447943128923088,False,mse,adam,1e-05,0,10,100.0,256,gru,0.001,22,10,100.0,6,16,3,100.0
10,5.736881433785064,0.029277369190822355,0.014470882279499208,0.010373085393439396,0.01164751844771672,0.03409598210733223,1e-05,0.011039230550522916,0.007847080081186559,5.302820313721895,0.009548696445418595,True,mse,adam,1e-05,0.1,100.0,100.0,256,gru,0.001,22,10,100.0,8,32,2,10
10,5.42655398190948,0.029423883464957445,0.012770653501683195,0.009860096095989486,0.012169223907267754,0.032718202309666475,1e-05,0.010293883969780811,0.007930646676304573,5.287300095483951,0.008460374154828922,False,mse,adam,1e-05,0.2,100.0,100.0,512,gru,0.001,22,10,100.0,8,8,2,10
10,5.854722352740266,0.029878426725190366,0.014112778952375813,0.01063574842169146,0.01208769306049362,0.035280804814218296,1e-05,0.009856034802396607,0.00814872841836904,5.304333821870387,0.009930370086586884,True,mse,adam,1e-05,0.2,100.0,100.0,256,gru,0.001,22,10,100.0,12,16,3,10
10,4.219558409870391,0.027557212961255573,0.010331162833407624,0.009463076483370969,0.012085062910045963,0.02480177787439785,1e-05,0.013117429858539253,0.00797958659661197,5.1626281924545765,0.006264684691265972,True,mse,adam,1e-05,0,10,100.0,128,gru,0.001,22,10,100.0,8,32,2,100.0
10,6.630625480609031,0.03162761010611901,0.018139718821489802,0.008873487832224004,0.012456421670141531,0.03802138279074126,1e-05,0.012241074158574531,0.008517540066543402,5.4191504023418355,0.009293173359473036,True,mse,adam,1e-05,0.1,10,100.0,64,gru,0.001,22,10,100.0,4,8,4,100.0
10,6.565460801536349,0.03247043798910454,0.017087672822602054,0.009805321366002318,0.012336592466454022,0.038875003737785144,1e-05,0.01163524327785126,0.008433203328326859,5.514466170221567,0.00884439947348191,True,mse,adam,1e-05,0.2,10,100.0,256,gru,0.001,22,10,100.0,8,32,3,100.0
10,5.231076118370618,0.0292147905756049,0.012918716104325073,0.009083766621796949,0.011971168280289244,0.030640297960351254,1e-05,0.010494143027152706,0.007934093062786203,5.273177010771829,0.008176540404926429,False,mse,adam,1e-05,0.1,100.0,100.0,256,lstm,0.001,22,10,100.0,6,8,2,10
10,5.657314138914843,0.03281537788643618,0.017158678802782237,0.010427900509512256,0.012489992524933768,0.03744439043937853,1e-05,0.011923449320420332,0.008574661902322502,4.708241512998939,0.011126061418145615,True,mse,adam,1e-05,0.2,10,100.0,128,lstm,0.001,22,10,100.0,8,16,4,10
10,6.2506719895595095,0.030617300479207188,0.016784948669615263,0.009092112846701639,0.012192163201689254,0.03624675906985509,1e-05,0.012503659963840619,0.008140818870566875,5.39410200715065,0.008516796892315845,False,mse,adam,1e-05,0.1,10,100.0,256,lstm,0.001,22,10,100.0,4,32,2,100.0
10,6.652920688372202,0.032314354670234025,0.015317285432607347,0.00976159662786813,0.01233842328292667,0.03531989726899047,1e-05,0.011558239821169991,0.008077505532819424,6.6014115288853645,0.007814518776794635,False,mse,adam,1e-05,0.2,100.0,100.0,512,lstm,0.001,22,10,100.0,8,32,2,100.0
10,5.3618777644834985,0.03085452625446442,0.016542397423168615,0.009449852148102867,0.012409582190081507,0.035020375373498426,1e-05,0.012720134109258652,0.008414230556055358,4.5952627853660735,0.010366230360682925,True,mse,adam,1e-05,0.1,10,100.0,64,lstm,0.001,22,10,100.0,4,8,2,10
10,3.5515661006970314,0.026867870677961037,0.009921701662387178,0.010400757477327716,0.012236034406669205,0.02400334913682495,1e-05,0.012515623948274879,0.007762491334284397,4.1655795983970165,0.008143610627605984,True,mse,adam,1e-05,0,10,100.0,128,gru,0.001,22,10,100.0,10,32,2,10
10,6.533292573968364,0.031512760317127686,0.018344836811404773,0.008951740859629354,0.012178226756077493,0.03745674836048808,1e-05,0.013292199007992167,0.008420784137370982,5.816163863986731,0.01098490368662521,True,mse,adam,1e-05,0.1,100.0,100.0,128,lstm,0.001,22,10,100.0,4,32,4,10
10,5.521026899417241,0.03203272685459524,0.017192311642654497,0.009273742948607833,0.012238632425578544,0.03616889005941894,1e-05,0.01179543716898479,0.008440017322700033,4.633815530221909,0.010050656065459015,True,mse,adam,1e-05,0.2,10,100.0,512,lstm,0.001,22,10,100.0,4,16,4,10
10,3.1933202087197174,0.02826051970088586,0.009371241557074616,0.010237709384235818,0.01259269515108607,0.02099569868856093,1e-05,0.011597295701949936,0.008091018477064518,4.236337804840696,0.007571600818804394,True,mse,adam,1e-05,0,10,100.0,128,lstm,0.001,22,10,100.0,6,8,4,10
10,6.597133865834106,0.030906993735698052,0.01565260440834986,0.009216186685080174,0.012181621539639309,0.033993342239892234,1e-05,0.012076904440618819,0.0080854082717327,6.457518417388201,0.008124968086571203,True,mse,adam,1e-05,0.1,100.0,100.0,512,lstm,0.001,22,10,100.0,4,32,3,100.0
10,5.050007005481111,0.0298780024138638,0.012221459147548713,0.009365506070903376,0.01252223813230469,0.030314767743973143,1e-05,0.01065401335818519,0.008078281042608996,5.121473661424585,0.007123077458265395,False,mse,adam,1e-05,0.1,10,100.0,128,lstm,0.001,22,10,100.0,10,8,2,100.0
10,6.855115752866642,0.03284512872050982,0.019742926274464886,0.009269634613701783,0.012506384075095411,0.0392764072273319,1e-05,0.012507755533079035,0.008392951991698594,5.8825833378359675,0.011388722491299408,True,mse,adam,1e-05,0.2,100.0,100.0,256,gru,0.001,22,10,100.0,4,16,4,10
10,6.2953193946669135,0.033096332779989475,0.01612634271207758,0.01184826906272645,0.01258673877518711,0.03702031432290377,1e-05,0.011901072413318135,0.008549005483113879,5.903785608621887,0.012575313656233038,False,mse,adam,1e-05,0.2,100.0,100.0,64,lstm,0.001,22,10,100.0,12,8,4,10
10,5.647556579586549,0.03133793612141744,0.013891854958804984,0.009811241036004503,0.012727936844385113,0.033872239930846364,1e-05,0.011624659217886801,0.00841467173551716,5.434124358929694,0.0078692417347519,True,mse,adam,1e-05,0.2,10,100.0,512,lstm,0.001,22,10,100.0,10,16,4,100.0
10,6.340939465582062,0.032738347643316956,0.01575653338125249,0.00989247538291238,0.012075034464942291,0.03838458043299551,1e-05,0.011576941738894675,0.008489767413599246,5.611550542525947,0.008419304234886522,True,mse,adam,1e-05,0.2,10,100.0,128,gru,0.001,22,10,100.0,12,16,4,100.0
10,4.235863791228576,0.027484030506457202,0.010214911905798534,0.009371515804105002,0.012723778589133872,0.024954063066889392,1e-05,0.01249911585728114,0.008095345110029292,5.066192536614835,0.006380128442207858,True,mse,adam,1e-05,0,10,100.0,64,gru,0.001,22,10,100.0,8,16,2,100.0
10,4.702564891961778,0.02827850061294157,0.010039197224906496,0.00928928697817355,0.01172268242953578,0.023534411324400435,1e-05,0.011654249357889057,0.0073765061090182394,6.106300935149193,0.006075534238554425,True,mse,adam,1e-05,0,100.0,100.0,64,lstm,0.001,22,10,100.0,8,16,2,100.0
10,4.874394485344129,0.027330388826887025,0.010669569450281585,0.009343621253868535,0.01168942456595701,0.023898246664956407,1e-05,0.012430624510677973,0.007681715809701924,6.120771067383688,0.0064944128334460775,False,mse,adam,1e-05,0,100.0,100.0,64,lstm,0.001,22,10,100.0,4,8,3,100.0
10,3.7499902940167047,0.025959123497159453,0.008979956126737285,0.009337441690604464,0.011042733030990348,0.020767937680957308,1e-05,0.010588708388240775,0.007085739101210065,4.870020807720721,0.006662700177469518,True,mse,adam,1e-05,0,100.0,100.0,256,gru,0.001,22,10,100.0,6,16,3,10
10,5.353294241613675,0.030338765609485563,0.013258751258993963,0.009449315793972346,0.012285819961107336,0.03221626324411835,1e-05,0.011269553870079108,0.008055940923877769,5.245846398174763,0.007252333757434594,False,mse,adam,1e-05,0.1,10,100.0,512,lstm,0.001,22,10,100.0,8,32,2,100.0
10,3.3625689893188873,0.029782118886942044,0.009607389496648619,0.011043209478884819,0.012572648161949473,0.022443979636151568,1e-05,0.012762882803144748,0.008175952612367718,4.51840791432187,0.007567254474717522,False,mse,adam,1e-05,0,10,100.0,64,lstm,0.001,22,10,100.0,10,16,4,10
10,5.554095531786456,0.031649347380152903,0.013917930056067547,0.009733451710417285,0.012825991216232069,0.03296328165177546,1e-05,0.011277049885393353,0.008348394226723564,5.408618673682213,0.007824904300752602,True,mse,adam,1e-05,0.1,10,100.0,512,lstm,0.001,22,10,100.0,8,32,4,100.0
10,8.930674756335058,0.03546865218959283,0.02365103374606896,0.010052580615592888,0.012536096415715292,0.0451916202111411,1e-05,0.014634139166446403,0.008618387840414783,7.291930962353945,0.011663547329586932,False,mse,adam,1e-05,0.2,100.0,100.0,64,gru,0.001,22,10,100.0,8,32,4,100.0
10,5.6917580873649145,0.03230410824107821,0.017165279786371095,0.012921922269924835,0.012356339055259014,0.037502229829971874,1e-05,0.011887489222317527,0.008604077199459501,4.671942324377596,0.013740291561716637,False,mse,adam,1e-05,0.1,10,100.0,64,gru,0.001,22,10,100.0,6,16,4,10
10,5.686727566474048,0.03092056682726252,0.017639030822245518,0.00866671929406948,0.01218260778568947,0.03738374184231581,1e-05,0.011011871949904162,0.008230229220007238,4.408650720492005,0.010214800724240152,False,mse,adam,1e-05,0.2,10,100.0,512,gru,0.001,22,10,100.0,4,16,2,10
10,3.581503112158627,0.025449044095825202,0.008059328038247248,0.009120612846101283,0.011231634656242766,0.019951975576873927,1e-05,0.011318936875155231,0.007121217417422041,4.893305079250484,0.00682510034324083,True,mse,adam,1e-05,0,100.0,100.0,64,gru,0.001,22,10,100.0,10,8,4,10
10,5.7210264421600545,0.03043701294637448,0.015068248979494358,0.008762613596491595,0.01248760259613315,0.03333433360004732,1e-05,0.011927845913659535,0.008346202279951155,5.2677063958190296,0.007973061629755822,True,mse,adam,1e-05,0.1,10,100.0,128,lstm,0.001,22,10,100.0,4,8,3,100.0
10,4.5962636851687915,0.02774828417750541,0.010060115075559196,0.008605512015492423,0.011026858992408961,0.02269264527826549,1e-05,0.012173921284556855,0.007139660829810075,6.064106218516827,0.006070215668055166,False,mse,adam,1e-05,0,100.0,100.0,512,gru,0.001,22,10,100.0,4,32,3,100.0
10,3.458246295676536,0.029379145880739088,0.010013237287630592,0.010587310312075715,0.012922163945404463,0.022995829387284037,1e-05,0.012253827607310086,0.008185783097727967,4.429191101808101,0.0075481797093539605,True,mse,adam,1e-05,0,10,100.0,64,lstm,0.001,22,10,100.0,10,16,4,10
10,4.9909405378891805,0.030635808361694217,0.013893358741158263,0.010598298506010906,0.012202179597807117,0.034257744075424826,1e-05,0.011532754535437562,0.008156884614448988,4.4448611084371805,0.009426140842077825,False,mse,adam,1e-05,0.2,10,100.0,512,gru,0.001,22,10,100.0,12,32,2,10
10,6.370148703481661,0.031965969857426384,0.013778265145676559,0.009475337010102777,0.012525660543456123,0.0337403721103655,1e-05,0.011774736161004926,0.008250191786911762,6.583352259392869,0.00793265801931913,False,mse,adam,1e-05,0.2,100.0,100.0,128,lstm,0.001,22,10,100.0,12,8,3,100.0
10,4.423482446266991,0.026303149563318584,0.008962559016318494,0.00944269046158297,0.011398858914617449,0.02264363076039212,1e-05,0.011110131032182835,0.007040061423352346,5.829506013542414,0.005588573235869633,False,mse,adam,1e-05,0,100.0,100.0,128,gru,0.001,22,10,100.0,10,32,3,100.0
10,6.528819040210342,0.03427234369155485,0.0216504356168196,0.014675614447696717,0.012790449954991345,0.04114351200546252,1e-05,0.013380181464526686,0.008695612836565617,5.047592298127711,0.01613986488165887,True,mse,adam,1e-05,0.2,10,100.0,64,lstm,0.001,22,10,100.0,6,16,4,10
10,6.42519039947649,0.031953009050194506,0.017358481290779663,0.009330998316515012,0.012424811853117631,0.03740210882501656,1e-05,0.011638536824842966,0.00845375014542918,5.446145005959017,0.008645381460039238,False,mse,adam,1e-05,0.2,10,100.0,64,lstm,0.001,22,10,100.0,6,8,2,100.0
10,3.403424675600516,0.028572831375640817,0.009830204589012528,0.00991594724564493,0.012710357877949718,0.0226645453331191,1e-05,0.011529937110026367,0.008086492723684006,4.269285965710878,0.007308476206618128,True,mse,adam,1e-05,0,10,100.0,256,lstm,0.001,22,10,100.0,8,32,4,10
10,5.1481206510762885,0.0276961263443809,0.011382519745626624,0.009314093008015334,0.011969077109824866,0.02548513503581131,1e-05,0.012764665072609205,0.0077356029988913146,6.239606896415353,0.006877948809545792,True,mse,adam,1e-05,0,100.0,100.0,64,lstm,0.001,22,10,100.0,4,16,4,100.0
10,3.9279726000441584,0.024455674989440013,0.007779089423919512,0.008381044492125511,0.011394482080504531,0.01974334405809126,1e-05,0.0105124626752513,0.006719136863363028,5.530142359435558,0.005038155734600155,True,mse,adam,1e-05,0,100.0,100.0,512,gru,0.001,22,10,100.0,10,32,3,100.0
10,4.452400521473358,0.027752337792475167,0.011371286405988432,0.009187143142047476,0.01202611872565784,0.025658773357276433,1e-05,0.012936693727643979,0.00812925789335094,5.18129596032985,0.006681019655147691,True,mse,adam,1e-05,0,10,100.0,64,gru,0.001,22,10,100.0,4,8,2,100.0
10,4.531915904120872,0.02935614125453867,0.009353616191100391,0.009463665078101258,0.011800724926615658,0.0228192765524672,1e-05,0.012094009524844296,0.0073077240361653535,6.327842302620411,0.005838542322637047,False,mse,adam,1e-05,0,100.0,100.0,64,lstm,0.001,22,10,100.0,12,16,3,100.0
10,6.479017152687429,0.03320886530855205,0.0173332974610654,0.010301093832822517,0.012386057704134146,0.03806795627087844,1e-05,0.012818917413824238,0.008267307987586243,5.9443949945271015,0.01121609730325118,True,mse,adam,1e-05,0.2,100.0,100.0,128,lstm,0.001,22,10,100.0,10,32,2,10
10,4.201326443355319,0.02888555713844982,0.011721386230404031,0.009354108119251978,0.012253571270443209,0.02871763026268408,1e-05,0.010531340861839789,0.00806980265743718,4.157903269571089,0.007672676037681364,False,mse,adam,1e-05,0.1,10,100.0,512,lstm,0.001,22,10,100.0,8,8,2,10
10,8.933415922785052,0.035196449935028795,0.024443799610103324,0.00897826604864349,0.01260319774155505,0.045056733100905064,1e-05,0.01478230729844654,0.00851221998432886,7.191483343951404,0.011321406388490031,True,mse,adam,1e-05,0.2,100.0,100.0,64,gru,0.001,22,10,100.0,4,16,3,100.0
10,2.7508941232926487,0.024548270559329757,0.005864603648676412,0.010114609465808862,0.010952261195233607,0.015231952201855524,1e-05,0.010288943976194667,0.005841089001044853,4.725200237467131,0.005712963979065861,True,mse,adam,1e-05,0,100.0,100.0,256,gru,0.001,22,10,100.0,12,8,3,10
10,6.254056179873478,0.03189137886511162,0.01654996766486818,0.011160360198118724,0.012259951919986634,0.03648958052790021,1e-05,0.011866114218719304,0.008326138908989303,5.733635179698467,0.011748747662472215,True,mse,adam,1e-05,0.1,100.0,100.0,128,gru,0.001,22,10,100.0,6,32,4,10
10,8.331994825488339,0.036441046933759935,0.026063605798778346,0.009526796025966178,0.01266137803759193,0.04495635431497929,1e-05,0.01603859365422977,0.0086867075850978,6.337461195886135,0.011051338468195745,True,mse,adam,1e-05,0.2,10,100.0,64,lstm,0.001,22,10,100.0,6,32,4,100.0
10,2.984091274826329,0.026542968917565586,0.008119510266275557,0.010159942408564323,0.012821992907712982,0.020204423228253623,1e-05,0.009833161798527768,0.008101963241605108,3.8741922093272674,0.007067829309510676,True,mse,adam,1e-05,0,10,100.0,128,lstm,0.001,22,10,100.0,12,8,4,10
10,3.971221876062054,0.027628488776826998,0.009870894799038722,0.009305773623509594,0.011612062622589292,0.02322301101836252,1e-05,0.01151413283423608,0.007654983140946412,4.989776764065027,0.005852814572724547,False,mse,adam,1e-05,0,10,100.0,128,lstm,0.001,22,10,100.0,6,16,2,100.0
10,4.9138212772488385,0.02978386833597018,0.013689686723311017,0.011325178192615878,0.012509202254403396,0.0335694803724969,1e-05,0.010857700466962916,0.00842684881288871,4.303137879079418,0.010358285942671682,False,mse,adam,1e-05,0.1,10,100.0,64,gru,0.001,22,10,100.0,10,8,2,10
10,4.55108741884456,0.030595459714386944,0.011947620185621389,0.011001369854609042,0.012438958741775225,0.03188369075940811,1e-05,0.009970586801741402,0.008298723438987106,4.296261734535722,0.00849690952831592,True,mse,adam,1e-05,0.2,10,100.0,512,gru,0.001,22,10,100.0,12,8,3,10
10,6.3348442163698,0.03182380285579711,0.016976347519245663,0.009197019652447125,0.012014038229608559,0.03704908661486417,1e-05,0.011528489416377852,0.0082503006439085,5.6396618289873,0.010180447566222854,False,mse,adam,1e-05,0.2,100.0,100.0,128,lstm,0.001,22,10,100.0,6,16,2,10
10,5.936735401911233,0.031843886092246976,0.015070892579639202,0.009767830734745075,0.012508273939602077,0.0354435323443608,1e-05,0.012308762550674146,0.00835441078468739,5.523634612560272,0.007926032787779208,True,mse,adam,1e-05,0.2,10,100.0,128,lstm,0.001,22,10,100.0,12,16,2,100.0
10,5.4249012158324685,0.03043745769173256,0.013020313009523202,0.009695208068933425,0.012644170707062585,0.03293788861318464,1e-05,0.010466150050888245,0.008361584232076166,5.190855852328241,0.007454652084574097,True,mse,adam,1e-05,0.1,10,100.0,128,gru,0.001,22,10,100.0,10,16,4,100.0
10,4.6051259198723065,0.031018368473117047,0.012890435764099598,0.011024704003642704,0.012535575047997823,0.03145147385660278,1e-05,0.010422372154788213,0.008325392781162778,4.38018678853484,0.008768102546603873,False,mse,adam,1e-05,0.1,10,100.0,512,gru,0.001,22,10,100.0,6,8,4,10
10,4.056216605638181,0.026490594773349585,0.008042486787038583,0.009256402297523891,0.01115905301139719,0.01993667037730525,1e-05,0.009945070796675282,0.007144420225248031,5.712324740365148,0.005438588599387688,True,mse,adam,1e-05,0,100.0,100.0,512,lstm,0.001,22,10,100.0,12,16,4,100.0
10,5.146385361184728,0.030924036847864045,0.014508261521759448,0.00958407596726829,0.012421490935594193,0.03520159636558209,1e-05,0.010944424891931703,0.008268316676285253,4.4105864078737795,0.009271641241316965,True,mse,adam,1e-05,0.2,10,100.0,512,gru,0.001,22,10,100.0,8,16,2,10
10,4.0435176800055,0.028596743937230266,0.009689723877971634,0.010267708327119322,0.012436766211842169,0.022309660412874216,1e-05,0.01150540961722702,0.007697510306751263,5.380882194070037,0.007382822717643991,True,mse,adam,1e-05,0,100.0,100.0,64,lstm,0.001,22,10,100.0,8,8,4,10
10,6.535385587260719,0.03211911936523393,0.014994617145619515,0.009701536802822375,0.01247656747000292,0.03416665083534102,1e-05,0.01190535884234123,0.008175261266809439,6.6368187591433525,0.008017326681633416,False,mse,adam,1e-05,0.1,100.0,100.0,128,lstm,0.001,22,10,100.0,8,32,3,100.0
10,3.6892237941218164,0.027880934707354754,0.010871563765456794,0.008896726476450567,0.011927741383260582,0.02448240932421389,1e-05,0.012025282849208452,0.00785313710684539,4.203116416931152,0.0075295093565429716,False,mse,adam,1e-05,0,10,100.0,256,lstm,0.001,22,10,100.0,4,32,3,10
10,3.3399421527003788,0.026471069732641055,0.007500802750768664,0.00893705068621558,0.012014128363116895,0.01997479366899399,1e-05,0.01042528640241489,0.007600073972258504,4.716128655444787,0.005163817694541247,True,mse,adam,1e-05,0,10,100.0,256,lstm,0.001,22,10,100.0,12,8,2,100.0
10,3.86099053098336,0.026650315930965007,0.007949381705768815,0.008917727781408757,0.011314167889395321,0.018466576106889763,1e-05,0.011054485967179062,0.006871427805997377,5.821085046976805,0.005322519611974511,False,mse,adam,1e-05,0,100.0,100.0,512,gru,0.001,22,10,100.0,6,16,4,100.0
10,7.631502736211853,0.03148545206931885,0.019010749443664196,0.009141935855950578,0.012410967923642602,0.03958411254664314,1e-05,0.011600287049077451,0.008288297917619862,6.478049173951149,0.009208900724909234,True,mse,adam,1e-05,0.2,100.0,100.0,512,gru,0.001,22,10,100.0,4,32,3,100.0
10,3.8803406572403687,0.027352203371265205,0.008948707013378493,0.009565289086822304,0.012242494901329337,0.023323025980671555,1e-05,0.011082867856202938,0.007945360058503602,4.922460998874158,0.0057371376200777355,False,mse,adam,1e-05,0,10,100.0,64,gru,0.001,22,10,100.0,12,16,3,100.0
10,7.297591979536573,0.03291991021978902,0.017839875186444462,0.009636816684860605,0.012652482739213156,0.03780313778591434,1e-05,0.012135101953390404,0.008400022795356309,6.767090696841478,0.00893288412158412,False,mse,adam,1e-05,0.2,100.0,100.0,128,lstm,0.001,22,10,100.0,6,16,4,100.0
10,4.845726295044591,0.026943740667775273,0.010164858609484588,0.009767863891283923,0.01103051994141424,0.02505543259405153,1e-05,0.012526125290605705,0.0072002906978793045,6.026825040578842,0.006036680967053189,True,mse,adam,1e-05,0,100.0,100.0,128,gru,0.001,22,10,100.0,10,32,2,100.0
10,7.601264321948168,0.03523613233119249,0.021676036133551537,0.016528517877304694,0.012715466007648502,0.043945708817163795,1e-05,0.014360382781887893,0.00864839506301778,6.40039449185133,0.01742503011964313,False,mse,adam,1e-05,0.2,100.0,100.0,64,gru,0.001,22,10,100.0,12,32,4,10
10,4.958728688677358,0.03114561586335185,0.014661641033054272,0.009541463871983069,0.012485677882068558,0.03314632843232461,1e-05,0.011263237352522992,0.008363574340944348,4.4611686761491,0.009405155420700041,False,mse,adam,1e-05,0.1,10,100.0,512,lstm,0.001,22,10,100.0,4,16,4,10
10,4.760625979816461,0.030029038960025338,0.011238234096848567,0.009767611004792223,0.012546145001603906,0.028446133557968652,1e-05,0.010838242155746176,0.008329335400381886,5.192840449135128,0.007088958616093457,False,mse,adam,1e-05,0.1,10,100.0,512,lstm,0.001,22,10,100.0,12,8,4,100.0
10,6.709135243363537,0.03295526892972334,0.017390201543028033,0.00952324689159139,0.012448424720730822,0.03963993240364173,1e-05,0.011761775770512725,0.008533379258015932,5.633361112050973,0.009207880609881139,True,mse,adam,1e-05,0.2,10,100.0,64,gru,0.001,22,10,100.0,12,8,4,100.0
10,2.4009428934961403,0.024617910468026794,0.006472582183031841,0.010595559844645719,0.011969533412362149,0.016158613424122073,1e-05,0.010230317118542326,0.007401443038837275,3.710473664423835,0.006380889933141915,False,mse,adam,1e-05,0,10,100.0,512,gru,0.001,22,10,100.0,8,8,4,10
10,5.594139725458849,0.032573417745483495,0.016849276113068717,0.012038624010606876,0.01276309851462797,0.036871531335502264,1e-05,0.01206999835816433,0.008674404478514494,4.715173747289041,0.013531494188108478,False,mse,adam,1e-05,0.2,10,100.0,64,lstm,0.001,22,10,100.0,10,8,4,10
10,5.318159749252088,0.031167041971928038,0.013085256719181815,0.009633006865431823,0.012746370092654013,0.03161921098183206,1e-05,0.011125762814351046,0.008450340864069428,5.32459178137872,0.007632095693273677,True,mse,adam,1e-05,0.1,10,100.0,128,lstm,0.001,22,10,100.0,8,8,4,100.0
10,7.049299808260896,0.032932377987890504,0.016768133660837917,0.009467021279760957,0.012377811633086822,0.036609484453803,1e-05,0.011889881308889017,0.008410144694204183,6.744704024866223,0.008675273804652339,False,mse,adam,1e-05,0.2,100.0,100.0,128,lstm,0.001,22,10,100.0,8,16,4,100.0
10,5.389842745347756,0.032230822631390765,0.012917172668392356,0.009799871057111886,0.012649853037146386,0.03246677680655233,1e-05,0.011808829280198552,0.008204332108501609,5.518616747111082,0.007503183032804215,True,mse,adam,1e-05,0.1,10,100.0,256,lstm,0.001,22,10,100.0,12,32,3,100.0
10,4.7455798412748775,0.03174843591477838,0.013284934696999567,0.009741918133158833,0.012429436963429907,0.03247714767876742,1e-05,0.011171037481290114,0.008344853753489418,4.519114478025585,0.008592306692470894,True,mse,adam,1e-05,0.1,10,100.0,256,lstm,0.001,22,10,100.0,8,16,3,10
10,4.782304680100377,0.02952886347156891,0.013100075900204004,0.011244547912156122,0.012264633465747465,0.03290510574992688,1e-05,0.010595207459118683,0.00823755623579318,4.258890425786376,0.009941095339105383,False,mse,adam,1e-05,0.1,10,100.0,128,gru,0.001,22,10,100.0,12,16,2,10
10,4.246716100059849,0.028868116954981815,0.00859346737109896,0.009134561045357259,0.012239450154083897,0.020709517451094877,1e-05,0.01197190354741906,0.007382704883450739,6.225404218770564,0.005781471256240788,False,mse,adam,1e-05,0,100.0,100.0,128,lstm,0.001,22,10,100.0,12,16,4,100.0
10,3.7625288201531393,0.02768933457264211,0.009089704216313138,0.009196914362291864,0.012191265683213715,0.022000874403143536,1e-05,0.011450532452727202,0.007741327599392294,4.976820666342974,0.0057605767567498875,False,mse,adam,1e-05,0,10,100.0,512,lstm,0.001,22,10,100.0,10,32,3,100.0
10,6.935722682142504,0.03274436159335892,0.019281188869729817,0.009180951993130293,0.012346105453616474,0.039937393592641604,1e-05,0.011610648653004318,0.008413508030266657,5.5021160785108805,0.009297293541579594,False,mse,adam,1e-05,0.2,10,100.0,256,gru,0.001,22,10,100.0,4,16,4,100.0
10,6.50589572950966,0.03361712004698347,0.017493606594090376,0.009763670168467797,0.01231745605764445,0.038072812033170554,1e-05,0.012758899756590836,0.008319967288832745,5.9760213531553745,0.011687062009171759,True,mse,adam,1e-05,0.2,100.0,100.0,128,lstm,0.001,22,10,100.0,8,32,2,10
10,3.809605248928688,0.02776757958286228,0.008885444226929934,0.009326588400618757,0.011776710094672044,0.02125104351179507,1e-05,0.01175596500515434,0.007265043660433057,5.2452896970255365,0.006945210457285104,False,mse,adam,1e-05,0,100.0,100.0,64,lstm,0.001,22,10,100.0,10,8,3,10
10,6.597140470831711,0.029863629471947206,0.015473245122728931,0.008827380135471685,0.012201109200759674,0.034457440280945835,1e-05,0.011314682947158872,0.008104385629365468,6.270112844184041,0.00793633349226757,True,mse,adam,1e-05,0.1,100.0,100.0,256,gru,0.001,22,10,100.0,4,16,3,100.0
10,5.8406284664579005,0.028383854616549797,0.012331656970498707,0.009319592307292623,0.011630072549451143,0.03157578477964114,1e-05,0.010520696625462733,0.0076646252261034,6.071865379810333,0.0068342175850618974,True,mse,adam,1e-05,0.1,100.0,100.0,512,gru,0.001,22,10,100.0,10,32,2,100.0
10,4.665695109824442,0.030174955445545493,0.00994114319143241,0.009660513281005478,0.011897161952219903,0.023120138504653397,1e-05,0.01249726420155639,0.007613872374337173,6.511842674575746,0.005981796875989928,True,mse,adam,1e-05,0,100.0,100.0,64,lstm,0.001,22,10,100.0,8,16,3,100.0
10,5.434702930261023,0.03177360843255883,0.013092676511385022,0.009064020464848,0.012278723670533509,0.032967517235266475,1e-05,0.011420542146879598,0.008225550430316947,5.378968093544245,0.007464280466627312,True,mse,adam,1e-05,0.2,10,100.0,512,lstm,0.001,22,10,100.0,12,16,2,100.0
10,3.9560528844723635,0.02738208942937915,0.009592207413879178,0.010143186098495988,0.011644534670642725,0.021779326643586273,1e-05,0.011907472204306463,0.007448239751034078,5.205275416722094,0.007407550365924291,False,mse,adam,1e-05,0,100.0,100.0,64,lstm,0.001,22,10,100.0,6,8,3,10
